epoch,learning_rate,step,train_loss_epoch,train_loss_step,val_loss
0,,2,,,0.9717910289764404
0,0.0010000000474974513,2,0.9445573687553406,,
1,,5,,,0.8674929141998291
1,0.0010000000474974513,5,0.38058388233184814,,
2,,8,,,0.6580638885498047
2,0.0010000000474974513,8,0.3395790457725525,,
3,,11,,,0.5532327890396118
3,0.0010000000474974513,11,0.3224432170391083,,
4,,14,,,0.4225947856903076
4,0.0010000000474974513,14,0.31697288155555725,,
5,,17,,,0.36849719285964966
5,0.0010000000474974513,17,0.3134457767009735,,
6,,20,,,0.36151066422462463
6,0.0010000000474974513,20,0.3088213801383972,,
7,,23,,,0.36279425024986267
7,0.0010000000474974513,23,0.30724892020225525,,
8,,26,,,0.34678858518600464
8,0.0010000000474974513,26,0.307302862405777,,
9,,29,,,0.33041101694107056
9,0.0010000000474974513,29,0.31099388003349304,,
10,,32,,,0.32926180958747864
10,0.0010000000474974513,32,0.30313029885292053,,
11,,35,,,0.32354897260665894
11,0.0010000000474974513,35,0.30760458111763,,
12,,38,,,0.3071269989013672
12,0.0010000000474974513,38,0.30593860149383545,,
13,,41,,,0.3072020709514618
13,0.0010000000474974513,41,0.3087841272354126,,
14,,44,,,0.3045281171798706
14,0.0010000000474974513,44,0.30616623163223267,,
15,,47,,,0.3053598999977112
15,0.0010000000474974513,47,0.30587199330329895,,
16,,49,,0.30754542350769043,
16,,50,,,0.30532577633857727
16,0.0010000000474974513,50,0.3103558123111725,,
17,,53,,,0.3073217570781708
17,0.0010000000474974513,53,0.3040297329425812,,
18,,56,,,0.3054329752922058
18,0.0010000000474974513,56,0.30383625626564026,,
19,,59,,,0.30234140157699585
19,0.0010000000474974513,59,0.30878403782844543,,
20,,62,,,0.3042789697647095
20,0.0010000000474974513,62,0.2998943328857422,,
21,,65,,,0.30552950501441956
21,0.0010000000474974513,65,0.3083643615245819,,
22,,68,,,0.3031201958656311
22,0.0010000000474974513,68,0.30807334184646606,,
23,,71,,,0.3039644658565521
23,0.0010000000474974513,71,0.30256325006484985,,
24,,74,,,0.30126872658729553
24,0.0010000000474974513,74,0.30747151374816895,,
25,,77,,,0.3039693832397461
25,0.0010000000474974513,77,0.3063327968120575,,
26,,80,,,0.3051993250846863
26,0.0010000000474974513,80,0.3035627007484436,,
27,,83,,,0.3026212453842163
27,0.0010000000474974513,83,0.3045172393321991,,
28,,86,,,0.3022534251213074
28,0.0010000000474974513,86,0.30582135915756226,,
29,,89,,,0.305079847574234
29,0.0010000000474974513,89,0.3067840039730072,,
30,,92,,,0.3028615713119507
30,0.0010000000474974513,92,0.30183863639831543,,
31,,95,,,0.30379074811935425
31,0.0010000000474974513,95,0.31069907546043396,,
32,,98,,,0.3055846691131592
32,0.0010000000474974513,98,0.3078277111053467,,
33,,99,,0.3049061894416809,
33,,101,,,0.30397388339042664
33,0.0010000000474974513,101,0.30209484696388245,,
34,,104,,,0.30694276094436646
34,0.0010000000474974513,104,0.3041173815727234,,
35,,107,,,0.29972678422927856
35,0.0010000000474974513,107,0.3052871823310852,,
36,,110,,,0.30555909872055054
36,0.0010000000474974513,110,0.3026537597179413,,
37,,113,,,0.3023199141025543
37,0.0010000000474974513,113,0.3031250536441803,,
38,,116,,,0.3107696771621704
38,0.0010000000474974513,116,0.3034003674983978,,
39,,119,,,0.30542534589767456
39,0.0010000000474974513,119,0.3056889772415161,,
40,,122,,,0.3066977560520172
40,0.0010000000474974513,122,0.3069708049297333,,
41,,125,,,0.3021714985370636
41,0.0010000000474974513,125,0.3033680319786072,,
42,,128,,,0.3074278235435486
42,0.0010000000474974513,128,0.3052352964878082,,
43,,131,,,0.3067196011543274
43,0.0010000000474974513,131,0.30421048402786255,,
44,,134,,,0.3015889525413513
44,0.0010000000474974513,134,0.29822689294815063,,
45,,137,,,0.30005231499671936
45,0.0010000000474974513,137,0.3050183355808258,,
46,,140,,,0.3045010268688202
46,0.0010000000474974513,140,0.3098224103450775,,
47,,143,,,0.30459824204444885
47,9.999999747378752e-05,143,0.3019339144229889,,
48,,146,,,0.30321165919303894
48,9.999999747378752e-05,146,0.30384066700935364,,
49,,149,,0.3043004870414734,
49,,149,,,0.3001457154750824
49,9.999999747378752e-05,149,0.304478257894516,,
50,,152,,,0.30495205521583557
50,9.999999747378752e-05,152,0.30404648184776306,,
51,,155,,,0.3073630928993225
51,9.999999747378752e-05,155,0.3054847717285156,,
52,,158,,,0.30549508333206177
52,9.999999747378752e-05,158,0.3054339289665222,,
53,,161,,,0.30496707558631897
53,9.999999747378752e-05,161,0.3005315661430359,,
54,,164,,,0.3048720359802246
54,9.999999747378752e-05,164,0.3040206730365753,,
55,,167,,,0.30171504616737366
55,9.999999747378752e-05,167,0.30199870467185974,,
56,,170,,,0.3009440004825592
56,9.999999747378752e-05,170,0.30623093247413635,,
57,,173,,,0.29936546087265015
57,9.999999747378752e-05,173,0.3058449625968933,,
58,,176,,,0.30325451493263245
58,9.999999747378752e-05,176,0.3068315386772156,,
59,,179,,,0.3006213903427124
59,9.999999747378752e-05,179,0.3012755513191223,,
60,,182,,,0.30359965562820435
60,9.999999747378752e-05,182,0.3044889271259308,,
61,,185,,,0.30543434619903564
61,9.999999747378752e-05,185,0.3016918897628784,,
62,,188,,,0.3069322407245636
62,9.999999747378752e-05,188,0.3047872483730316,,
63,,191,,,0.30568817257881165
63,9.999999747378752e-05,191,0.3061772584915161,,
64,,194,,,0.2982335686683655
64,9.999999747378752e-05,194,0.3049449026584625,,
65,,197,,,0.30346667766571045
65,9.999999747378752e-05,197,0.30663055181503296,,
66,,199,,0.30190399289131165,
66,,200,,,0.3067307770252228
66,9.999999747378752e-05,200,0.3044586777687073,,
67,,203,,,0.3006509244441986
67,9.999999747378752e-05,203,0.30487433075904846,,
68,,206,,,0.3038369417190552
68,9.999999747378752e-05,206,0.30661657452583313,,
69,,209,,,0.3033309578895569
69,9.999999747378752e-05,209,0.300910085439682,,
70,,212,,,0.3053213357925415
70,9.999999747378752e-05,212,0.3026132881641388,,
71,,215,,,0.3131749927997589
71,9.999999747378752e-05,215,0.30316582322120667,,
72,,218,,,0.30634281039237976
72,9.999999747378752e-05,218,0.3051752746105194,,
73,,221,,,0.30131611227989197
73,9.999999747378752e-05,221,0.3000338673591614,,
74,,224,,,0.29949262738227844
74,9.999999747378752e-05,224,0.30036690831184387,,
75,,227,,,0.3006562292575836
75,9.999999747378752e-05,227,0.3012138605117798,,
76,,230,,,0.30597373843193054
76,9.999999747378752e-06,230,0.30433976650238037,,
77,,233,,,0.3100473880767822
77,9.999999747378752e-06,233,0.3001019060611725,,
78,,236,,,0.30490243434906006
78,9.999999747378752e-06,236,0.3018413484096527,,
79,,239,,,0.301895409822464
79,9.999999747378752e-06,239,0.3026714324951172,,
80,,242,,,0.30189085006713867
80,9.999999747378752e-06,242,0.30394262075424194,,
81,,245,,,0.30111950635910034
81,9.999999747378752e-06,245,0.3000001013278961,,
82,,248,,,0.3019844591617584
82,9.999999747378752e-06,248,0.3038247525691986,,
83,,249,,0.29753121733665466,
83,,251,,,0.3045821487903595
83,9.999999747378752e-06,251,0.29973676800727844,,
84,,254,,,0.305764764547348
84,9.999999747378752e-06,254,0.3033914566040039,,
85,,257,,,0.314860999584198
85,9.999999747378752e-06,257,0.3024953007698059,,
86,,260,,,0.2986501157283783
86,9.999999747378752e-06,260,0.3033202588558197,,
87,,263,,,0.3041253983974457
87,9.999999974752427e-07,263,0.30050015449523926,,
88,,266,,,0.3049432635307312
88,9.999999974752427e-07,266,0.3006589412689209,,
89,,269,,,0.30678924918174744
89,9.999999974752427e-07,269,0.3035424053668976,,
90,,272,,,0.30560052394866943
90,9.999999974752427e-07,272,0.30454736948013306,,
91,,275,,,0.3022387623786926
91,9.999999974752427e-07,275,0.31360340118408203,,
92,,278,,,0.3031046986579895
92,9.999999974752427e-07,278,0.3015906810760498,,
93,,281,,,0.3056112825870514
93,9.999999974752427e-07,281,0.30583488941192627,,
94,,284,,,0.3019181191921234
94,9.999999974752427e-07,284,0.3043569028377533,,
95,,287,,,0.3036046028137207
95,9.999999974752427e-07,287,0.30355459451675415,,
96,,290,,,0.3022903800010681
96,9.999999974752427e-07,290,0.3076315224170685,,
97,,293,,,0.3011949360370636
97,9.999999974752427e-07,293,0.2997729480266571,,
98,,296,,,0.30263131856918335
98,1.0000000116860974e-07,296,0.3059276044368744,,
99,,299,,0.3175585865974426,
99,,299,,,0.30582866072654724
99,1.0000000116860974e-07,299,0.3020792603492737,,
100,,302,,,0.3016430735588074
100,1.0000000116860974e-07,302,0.30357715487480164,,
101,,305,,,0.30168017745018005
101,1.0000000116860974e-07,305,0.30382460355758667,,
102,,308,,,0.30178266763687134
102,1.0000000116860974e-07,308,0.3066485822200775,,
103,,311,,,0.30228090286254883
103,1.0000000116860974e-07,311,0.30376458168029785,,
104,,314,,,0.3007192313671112
104,1.0000000116860974e-07,314,0.3038750886917114,,
105,,317,,,0.30284327268600464
105,1.0000000116860974e-07,317,0.30196237564086914,,
106,,320,,,0.3043646514415741
106,1.0000000116860974e-07,320,0.3049391806125641,,
107,,323,,,0.3005203902721405
107,1.0000000116860974e-07,323,0.30588769912719727,,
108,,326,,,0.30311068892478943
108,1.0000000116860974e-07,326,0.30500873923301697,,
109,,329,,,0.3034897446632385
109,9.99999993922529e-09,329,0.30044010281562805,,
110,,332,,,0.3043060898780823
110,9.99999993922529e-09,332,0.30003663897514343,,
111,,335,,,0.29999861121177673
111,9.99999993922529e-09,335,0.30516281723976135,,
112,,338,,,0.3071490228176117
112,9.99999993922529e-09,338,0.3005567789077759,,
113,,341,,,0.3059370815753937
113,9.99999993922529e-09,341,0.3027341365814209,,
114,,344,,,0.30542469024658203
114,9.99999993922529e-09,344,0.30334553122520447,,
115,,347,,,0.3012803792953491
115,9.99999993922529e-09,347,0.30332085490226746,,
116,,349,,0.3026987612247467,
116,,350,,,0.30192503333091736
116,9.99999993922529e-09,350,0.2990696430206299,,
117,,353,,,0.30018430948257446
117,9.99999993922529e-09,353,0.3081899881362915,,
118,,356,,,0.30286291241645813
118,9.99999993922529e-09,356,0.30482715368270874,,
119,,359,,,0.3007575571537018
119,9.99999993922529e-09,359,0.30414626002311707,,
120,,362,,,0.3019965589046478
120,9.99999993922529e-09,362,0.30458864569664,,
121,,365,,,0.3029257655143738
121,9.99999993922529e-09,365,0.30497241020202637,,
122,,368,,,0.3023363947868347
122,9.99999993922529e-09,368,0.30278366804122925,,
123,,371,,,0.3022107183933258
123,9.99999993922529e-09,371,0.30656421184539795,,
124,,374,,,0.3054424524307251
124,9.99999993922529e-09,374,0.30300372838974,,
125,,377,,,0.3008418083190918
125,9.99999993922529e-09,377,0.3082669973373413,,
126,,380,,,0.3030754625797272
126,9.99999993922529e-09,380,0.3057742714881897,,
127,,383,,,0.30284759402275085
127,9.99999993922529e-09,383,0.3076533079147339,,
128,,386,,,0.30233508348464966
128,9.99999993922529e-09,386,0.30350443720817566,,
129,,389,,,0.3018965721130371
129,9.99999993922529e-09,389,0.3013796806335449,,
130,,392,,,0.3058580458164215
130,9.99999993922529e-09,392,0.30626437067985535,,
131,,395,,,0.3057270050048828
131,9.99999993922529e-09,395,0.302227258682251,,
132,,398,,,0.3004554808139801
132,9.99999993922529e-09,398,0.30228275060653687,,
133,,399,,0.3033181130886078,
133,,401,,,0.30391842126846313
133,9.99999993922529e-09,401,0.3009839653968811,,
134,,404,,,0.3039855659008026
134,9.99999993922529e-09,404,0.3015688955783844,,
135,,407,,,0.305986225605011
135,9.99999993922529e-09,407,0.3041325509548187,,
136,,410,,,0.3014330565929413
136,9.99999993922529e-09,410,0.3031197488307953,,
137,,413,,,0.30517661571502686
137,9.99999993922529e-09,413,0.3036460876464844,,
138,,416,,,0.30375003814697266
138,9.99999993922529e-09,416,0.30046847462654114,,
139,,419,,,0.30311277508735657
139,9.99999993922529e-09,419,0.29982808232307434,,
140,,422,,,0.3002808392047882
140,9.99999993922529e-09,422,0.30692073702812195,,
141,,425,,,0.30585387349128723
141,9.99999993922529e-09,425,0.30241918563842773,,
142,,428,,,0.30432620644569397
142,9.99999993922529e-09,428,0.3037925064563751,,
143,,431,,,0.3028244972229004
143,9.99999993922529e-09,431,0.3025112450122833,,
144,,434,,,0.30241984128952026
144,9.99999993922529e-09,434,0.302767813205719,,
145,,437,,,0.3012503683567047
145,9.99999993922529e-09,437,0.30578041076660156,,
146,,440,,,0.3039305806159973
146,9.99999993922529e-09,440,0.3059869408607483,,
147,,443,,,0.3036346435546875
147,9.99999993922529e-09,443,0.3038228452205658,,
148,,446,,,0.30308613181114197
148,9.99999993922529e-09,446,0.30685195326805115,,
149,,449,,0.3058214783668518,
149,,449,,,0.30084550380706787
149,9.99999993922529e-09,449,0.3060412108898163,,
150,,452,,,0.3021114468574524
150,9.99999993922529e-09,452,0.30330511927604675,,
151,,455,,,0.30295419692993164
151,9.99999993922529e-09,455,0.3070213794708252,,
152,,458,,,0.3021303713321686
152,9.99999993922529e-09,458,0.30170926451683044,,
153,,461,,,0.30559977889060974
153,9.99999993922529e-09,461,0.3012734055519104,,
154,,464,,,0.302956223487854
154,9.99999993922529e-09,464,0.30043405294418335,,
155,,467,,,0.3029892146587372
155,9.99999993922529e-09,467,0.3045347034931183,,
156,,470,,,0.3002127707004547
156,9.99999993922529e-09,470,0.2984044551849365,,
157,,473,,,0.30129241943359375
157,9.99999993922529e-09,473,0.3065733015537262,,
158,,476,,,0.3079938292503357
158,9.99999993922529e-09,476,0.3041955828666687,,
159,,479,,,0.3040549159049988
159,9.99999993922529e-09,479,0.30568787455558777,,
160,,482,,,0.30223333835601807
160,9.99999993922529e-09,482,0.30267444252967834,,
161,,485,,,0.29986461997032166
161,9.99999993922529e-09,485,0.2985472083091736,,
162,,488,,,0.3018300235271454
162,9.99999993922529e-09,488,0.30370113253593445,,
163,,491,,,0.30296704173088074
163,9.99999993922529e-09,491,0.30535221099853516,,
164,,494,,,0.3027891516685486
164,9.99999993922529e-09,494,0.30731314420700073,,
165,,497,,,0.301472544670105
165,9.99999993922529e-09,497,0.30308112502098083,,
166,,499,,0.3045630156993866,
166,,500,,,0.2994653582572937
166,9.99999993922529e-09,500,0.31045085191726685,,
167,,503,,,0.3028873801231384
167,9.99999993922529e-09,503,0.30521440505981445,,
168,,506,,,0.29902616143226624
168,9.99999993922529e-09,506,0.3026837110519409,,
169,,509,,,0.30194291472435
169,9.99999993922529e-09,509,0.30176106095314026,,
170,,512,,,0.3045409023761749
170,9.99999993922529e-09,512,0.3001297414302826,,
171,,515,,,0.30391982197761536
171,9.99999993922529e-09,515,0.3033202886581421,,
172,,518,,,0.2984088957309723
172,9.99999993922529e-09,518,0.3033725917339325,,
173,,521,,,0.30219754576683044
173,9.99999993922529e-09,521,0.30434006452560425,,
174,,524,,,0.2993220388889313
174,9.99999993922529e-09,524,0.3063677251338959,,
175,,527,,,0.2996757924556732
175,9.99999993922529e-09,527,0.29935118556022644,,
176,,530,,,0.30415278673171997
176,9.99999993922529e-09,530,0.30325260758399963,,
177,,533,,,0.3036361336708069
177,9.99999993922529e-09,533,0.3032265603542328,,
178,,536,,,0.2987942695617676
178,9.99999993922529e-09,536,0.3034110963344574,,
179,,539,,,0.30296701192855835
179,9.99999993922529e-09,539,0.30305778980255127,,
180,,542,,,0.3023402690887451
180,9.99999993922529e-09,542,0.2990284264087677,,
181,,545,,,0.3054356575012207
181,9.99999993922529e-09,545,0.30204862356185913,,
182,,548,,,0.3016258776187897
182,9.99999993922529e-09,548,0.30679288506507874,,
183,,549,,0.2957647740840912,
183,,551,,,0.30016571283340454
183,9.99999993922529e-09,551,0.3006359338760376,,
184,,554,,,0.3121766746044159
184,9.99999993922529e-09,554,0.30358895659446716,,
185,,557,,,0.3002197742462158
185,9.99999993922529e-09,557,0.3056654632091522,,
186,,560,,,0.3045635223388672
186,9.99999993922529e-09,560,0.30139803886413574,,
187,,563,,,0.30580538511276245
187,9.99999993922529e-09,563,0.30619341135025024,,
188,,566,,,0.3024322986602783
188,9.99999993922529e-09,566,0.303251713514328,,
189,,569,,,0.3029966950416565
189,9.99999993922529e-09,569,0.30411237478256226,,
190,,572,,,0.30194810032844543
190,9.99999993922529e-09,572,0.30397263169288635,,
191,,575,,,0.306115061044693
191,9.99999993922529e-09,575,0.3043852746486664,,
192,,578,,,0.2985137104988098
192,9.99999993922529e-09,578,0.3041868209838867,,
193,,581,,,0.30051735043525696
193,9.99999993922529e-09,581,0.30843469500541687,,
194,,584,,,0.30142390727996826
194,9.99999993922529e-09,584,0.30656006932258606,,
195,,587,,,0.3015337586402893
195,9.99999993922529e-09,587,0.3047058582305908,,
196,,590,,,0.3023744821548462
196,9.99999993922529e-09,590,0.30246108770370483,,
197,,593,,,0.30923768877983093
197,9.99999993922529e-09,593,0.30148619413375854,,
198,,596,,,0.3031545877456665
198,9.99999993922529e-09,596,0.30552178621292114,,
199,,599,,0.2955136299133301,
199,,599,,,0.31202268600463867
199,9.99999993922529e-09,599,0.30503755807876587,,
200,,602,,,0.30032357573509216
200,9.99999993922529e-09,602,0.30370739102363586,,
201,,605,,,0.3040354251861572
201,9.99999993922529e-09,605,0.30098870396614075,,
202,,608,,,0.299162894487381
202,9.99999993922529e-09,608,0.3043198585510254,,
203,,611,,,0.3003367483615875
203,9.99999993922529e-09,611,0.3038116693496704,,
204,,614,,,0.3018297553062439
204,9.99999993922529e-09,614,0.3023238182067871,,
205,,617,,,0.301385760307312
205,9.99999993922529e-09,617,0.30434513092041016,,
206,,620,,,0.3037918210029602
206,9.99999993922529e-09,620,0.30201324820518494,,
207,,623,,,0.3004087209701538
207,9.99999993922529e-09,623,0.3036501109600067,,
208,,626,,,0.3011990487575531
208,9.99999993922529e-09,626,0.3063242733478546,,
209,,629,,,0.3036695122718811
209,9.99999993922529e-09,629,0.3031803369522095,,
210,,632,,,0.30024653673171997
210,9.99999993922529e-09,632,0.3041115999221802,,
211,,635,,,0.3037717044353485
211,9.99999993922529e-09,635,0.30251389741897583,,
212,,638,,,0.30334439873695374
212,9.99999993922529e-09,638,0.30244114995002747,,
213,,641,,,0.30513909459114075
213,9.99999993922529e-09,641,0.30339527130126953,,
214,,644,,,0.29922428727149963
214,9.99999993922529e-09,644,0.30093008279800415,,
215,,647,,,0.30071982741355896
215,9.99999993922529e-09,647,0.30060669779777527,,
216,,649,,0.3045310378074646,
216,,650,,,0.3001517951488495
216,9.99999993922529e-09,650,0.30134713649749756,,
217,,653,,,0.3031163215637207
217,9.99999993922529e-09,653,0.304027259349823,,
218,,656,,,0.299833744764328
218,9.99999993922529e-09,656,0.30179038643836975,,
219,,659,,,0.29904821515083313
219,9.99999993922529e-09,659,0.3042745292186737,,
220,,662,,,0.3051961660385132
220,9.99999993922529e-09,662,0.30241262912750244,,
221,,665,,,0.3012903332710266
221,9.99999993922529e-09,665,0.30379772186279297,,
222,,668,,,0.30211785435676575
222,9.99999993922529e-09,668,0.301811546087265,,
223,,671,,,0.3014990985393524
223,9.99999993922529e-09,671,0.302490770816803,,
224,,674,,,0.30129745602607727
224,9.99999993922529e-09,674,0.30100229382514954,,
225,,677,,,0.3013095259666443
225,9.99999993922529e-09,677,0.3039689064025879,,
226,,680,,,0.3026989996433258
226,9.99999993922529e-09,680,0.3066345751285553,,
227,,683,,,0.3054671585559845
227,9.99999993922529e-09,683,0.3007855713367462,,
228,,686,,,0.30191752314567566
228,9.99999993922529e-09,686,0.30250075459480286,,
229,,689,,,0.30295702815055847
229,9.99999993922529e-09,689,0.30690738558769226,,
230,,692,,,0.3018181324005127
230,9.99999993922529e-09,692,0.30101409554481506,,
231,,695,,,0.30061882734298706
231,9.99999993922529e-09,695,0.3005886673927307,,
232,,698,,,0.30487507581710815
232,9.99999993922529e-09,698,0.30254030227661133,,
233,,699,,0.30686572194099426,
233,,701,,,0.3009035587310791
233,9.99999993922529e-09,701,0.29906249046325684,,
234,,704,,,0.30677685141563416
234,9.99999993922529e-09,704,0.30527013540267944,,
235,,707,,,0.3018845319747925
235,9.99999993922529e-09,707,0.3009923994541168,,
236,,710,,,0.3029800057411194
236,9.99999993922529e-09,710,0.30269429087638855,,
237,,713,,,0.30345970392227173
237,9.99999993922529e-09,713,0.30042800307273865,,
238,,716,,,0.3015618920326233
238,9.99999993922529e-09,716,0.30390623211860657,,
239,,719,,,0.30031073093414307
239,9.99999993922529e-09,719,0.30468326807022095,,
240,,722,,,0.3023167550563812
240,9.99999993922529e-09,722,0.30776247382164,,
241,,725,,,0.30404436588287354
241,9.99999993922529e-09,725,0.30553218722343445,,
242,,728,,,0.29970934987068176
242,9.99999993922529e-09,728,0.30217331647872925,,
243,,731,,,0.30499088764190674
243,9.99999993922529e-09,731,0.30445292592048645,,
244,,734,,,0.30425286293029785
244,9.99999993922529e-09,734,0.30492809414863586,,
245,,737,,,0.30671218037605286
245,9.99999993922529e-09,737,0.3027501106262207,,
246,,740,,,0.30356281995773315
246,9.99999993922529e-09,740,0.3049262762069702,,
247,,743,,,0.30534371733665466
247,9.99999993922529e-09,743,0.3016088902950287,,
248,,746,,,0.3025658130645752
248,9.99999993922529e-09,746,0.3024848997592926,,
249,,749,,0.3014552593231201,
249,,749,,,0.30164605379104614
249,9.99999993922529e-09,749,0.3054524064064026,,
250,,752,,,0.3034977316856384
250,9.99999993922529e-09,752,0.30604106187820435,,
251,,755,,,0.3035101592540741
251,9.99999993922529e-09,755,0.3015983998775482,,
252,,758,,,0.30775055289268494
252,9.99999993922529e-09,758,0.30601105093955994,,
253,,761,,,0.30415186285972595
253,9.99999993922529e-09,761,0.30699053406715393,,
254,,764,,,0.3008204996585846
254,9.99999993922529e-09,764,0.3025559186935425,,
255,,767,,,0.3016727566719055
255,9.99999993922529e-09,767,0.3060411214828491,,
256,,770,,,0.3001022934913635
256,9.99999993922529e-09,770,0.30653709173202515,,
257,,773,,,0.30480238795280457
257,9.99999993922529e-09,773,0.3027014434337616,,
258,,776,,,0.29766762256622314
258,9.99999993922529e-09,776,0.3018017113208771,,
259,,779,,,0.3059144616127014
259,9.99999993922529e-09,779,0.30434471368789673,,
260,,782,,,0.30223968625068665
260,9.99999993922529e-09,782,0.30503201484680176,,
261,,785,,,0.3062521815299988
261,9.99999993922529e-09,785,0.30221027135849,,
262,,788,,,0.2990238666534424
262,9.99999993922529e-09,788,0.30681127309799194,,
263,,791,,,0.30401095747947693
263,9.99999993922529e-09,791,0.3051609694957733,,
264,,794,,,0.3039749562740326
264,9.99999993922529e-09,794,0.29895567893981934,,
265,,797,,,0.30152425169944763
265,9.99999993922529e-09,797,0.302103191614151,,
266,,799,,0.30902382731437683,
266,,800,,,0.3027479648590088
266,9.99999993922529e-09,800,0.3076559007167816,,
267,,803,,,0.30629605054855347
267,9.99999993922529e-09,803,0.3003505766391754,,
268,,806,,,0.3037927448749542
268,9.99999993922529e-09,806,0.3015877604484558,,
269,,809,,,0.3028008043766022
269,9.99999993922529e-09,809,0.3047691583633423,,
270,,812,,,0.3029462397098541
270,9.99999993922529e-09,812,0.30297696590423584,,
271,,815,,,0.3021867573261261
271,9.99999993922529e-09,815,0.3031792640686035,,
272,,818,,,0.3053279519081116
272,9.99999993922529e-09,818,0.30344292521476746,,
273,,821,,,0.3030121624469757
273,9.99999993922529e-09,821,0.30432018637657166,,
274,,824,,,0.30645951628685
274,9.99999993922529e-09,824,0.3045601546764374,,
275,,827,,,0.29812145233154297
275,9.99999993922529e-09,827,0.30373233556747437,,
276,,830,,,0.3031468391418457
276,9.99999993922529e-09,830,0.30269795656204224,,
277,,833,,,0.30446988344192505
277,9.99999993922529e-09,833,0.3006936311721802,,
278,,836,,,0.3005507290363312
278,9.99999993922529e-09,836,0.30465012788772583,,
279,,839,,,0.30552515387535095
279,9.99999993922529e-09,839,0.3005722165107727,,
280,,842,,,0.3035089075565338
280,9.99999993922529e-09,842,0.30297303199768066,,
281,,845,,,0.29680001735687256
281,9.99999993922529e-09,845,0.3035910725593567,,
282,,848,,,0.3028101623058319
282,9.99999993922529e-09,848,0.30179643630981445,,
283,,849,,0.3045590817928314,
283,,851,,,0.30377623438835144
283,9.99999993922529e-09,851,0.3024129569530487,,
284,,854,,,0.3038738965988159
284,9.99999993922529e-09,854,0.30372416973114014,,
285,,857,,,0.3016587495803833
285,9.99999993922529e-09,857,0.3060537874698639,,
286,,860,,,0.30410996079444885
286,9.99999993922529e-09,860,0.30078524351119995,,
287,,863,,,0.3011508584022522
287,9.99999993922529e-09,863,0.304625928401947,,
288,,866,,,0.3055177330970764
288,9.99999993922529e-09,866,0.3009151816368103,,
289,,869,,,0.29767540097236633
289,9.99999993922529e-09,869,0.3038114309310913,,
290,,872,,,0.3020564019680023
290,9.99999993922529e-09,872,0.30516570806503296,,
291,,875,,,0.3032098114490509
291,9.99999993922529e-09,875,0.3012998104095459,,
292,,878,,,0.30575427412986755
292,9.99999993922529e-09,878,0.3085921108722687,,
293,,881,,,0.3000679910182953
293,9.99999993922529e-09,881,0.3017215430736542,,
294,,884,,,0.29844900965690613
294,9.99999993922529e-09,884,0.3014090955257416,,
295,,887,,,0.30313342809677124
295,9.99999993922529e-09,887,0.30522456765174866,,
296,,890,,,0.30393317341804504
296,9.99999993922529e-09,890,0.2994954586029053,,
297,,893,,,0.30515655875205994
297,9.99999993922529e-09,893,0.30193331837654114,,
298,,896,,,0.3061251640319824
298,9.99999993922529e-09,896,0.30438709259033203,,
299,,899,,0.29552847146987915,
299,,899,,,0.30091720819473267
299,9.99999993922529e-09,899,0.3060095012187958,,
300,,902,,,0.3023969233036041
300,9.99999993922529e-09,902,0.303044855594635,,
301,,905,,,0.30180349946022034
301,9.99999993922529e-09,905,0.3035534918308258,,
302,,908,,,0.3036840558052063
302,9.99999993922529e-09,908,0.30411994457244873,,
303,,911,,,0.30203887820243835
303,9.99999993922529e-09,911,0.3043992519378662,,
304,,914,,,0.30541911721229553
304,9.99999993922529e-09,914,0.3023158609867096,,
305,,917,,,0.30511102080345154
305,9.99999993922529e-09,917,0.3036291003227234,,
306,,920,,,0.3072846531867981
306,9.99999993922529e-09,920,0.3012930750846863,,
307,,923,,,0.30353859066963196
307,9.99999993922529e-09,923,0.2990041971206665,,
308,,926,,,0.29863303899765015
308,9.99999993922529e-09,926,0.3009670078754425,,
309,,929,,,0.3069298267364502
309,9.99999993922529e-09,929,0.3035900294780731,,
310,,932,,,0.30480828881263733
310,9.99999993922529e-09,932,0.30210644006729126,,
311,,935,,,0.3019644618034363
311,9.99999993922529e-09,935,0.3042641282081604,,
312,,938,,,0.3001498281955719
312,9.99999993922529e-09,938,0.3102701008319855,,
313,,941,,,0.301745742559433
313,9.99999993922529e-09,941,0.3054094910621643,,
314,,944,,,0.30475762486457825
314,9.99999993922529e-09,944,0.29959920048713684,,
315,,947,,,0.3002703785896301
315,9.99999993922529e-09,947,0.3073517382144928,,
316,,949,,0.3051000237464905,
316,,950,,,0.3042721152305603
316,9.99999993922529e-09,950,0.29922500252723694,,
317,,953,,,0.3082372546195984
317,9.99999993922529e-09,953,0.3047969341278076,,
318,,956,,,0.3041895925998688
318,9.99999993922529e-09,956,0.30147784948349,,
319,,959,,,0.3055324852466583
319,9.99999993922529e-09,959,0.3057255744934082,,
320,,962,,,0.30122464895248413
320,9.99999993922529e-09,962,0.30506959557533264,,
321,,965,,,0.3038904666900635
321,9.99999993922529e-09,965,0.30197596549987793,,
322,,968,,,0.29984337091445923
322,9.99999993922529e-09,968,0.3053849935531616,,
323,,971,,,0.30236098170280457
323,9.99999993922529e-09,971,0.308932363986969,,
324,,974,,,0.3016473352909088
324,9.99999993922529e-09,974,0.30324995517730713,,
325,,977,,,0.3007570803165436
325,9.99999993922529e-09,977,0.30483630299568176,,
326,,980,,,0.30162814259529114
326,9.99999993922529e-09,980,0.3049355447292328,,
327,,983,,,0.30049383640289307
327,9.99999993922529e-09,983,0.3063817620277405,,
328,,986,,,0.29923221468925476
328,9.99999993922529e-09,986,0.2988223433494568,,
329,,989,,,0.30199894309043884
329,9.99999993922529e-09,989,0.3009338080883026,,
330,,992,,,0.30664676427841187
330,9.99999993922529e-09,992,0.3048926293849945,,
331,,995,,,0.30325788259506226
331,9.99999993922529e-09,995,0.30212756991386414,,
332,,998,,,0.30357033014297485
332,9.99999993922529e-09,998,0.30498912930488586,,
333,,999,,0.3039590120315552,
333,,1001,,,0.3008764684200287
333,9.99999993922529e-09,1001,0.3045644462108612,,
334,,1004,,,0.30595532059669495
334,9.99999993922529e-09,1004,0.3034262955188751,,
335,,1007,,,0.3019132614135742
335,9.99999993922529e-09,1007,0.30428093671798706,,
336,,1010,,,0.29927968978881836
336,9.99999993922529e-09,1010,0.30244866013526917,,
337,,1013,,,0.30522629618644714
337,9.99999993922529e-09,1013,0.30201300978660583,,
338,,1016,,,0.3060115575790405
338,9.99999993922529e-09,1016,0.30181989073753357,,
339,,1019,,,0.30235809087753296
339,9.99999993922529e-09,1019,0.30397671461105347,,
340,,1022,,,0.30129700899124146
340,9.99999993922529e-09,1022,0.30267855525016785,,
341,,1025,,,0.3004467785358429
341,9.99999993922529e-09,1025,0.3041253089904785,,
342,,1028,,,0.3054935038089752
342,9.99999993922529e-09,1028,0.30747324228286743,,
343,,1031,,,0.30644187331199646
343,9.99999993922529e-09,1031,0.305913507938385,,
344,,1034,,,0.30455467104911804
344,9.99999993922529e-09,1034,0.2994179427623749,,
345,,1037,,,0.30324333906173706
345,9.99999993922529e-09,1037,0.3042882978916168,,
346,,1040,,,0.299883097410202
346,9.99999993922529e-09,1040,0.3043164908885956,,
347,,1043,,,0.30225086212158203
347,9.99999993922529e-09,1043,0.3007572591304779,,
348,,1046,,,0.3010985553264618
348,9.99999993922529e-09,1046,0.30074119567871094,,
349,,1049,,0.3067251741886139,
349,,1049,,,0.3019442856311798
349,9.99999993922529e-09,1049,0.30193978548049927,,
350,,1052,,,0.3024117350578308
350,9.99999993922529e-09,1052,0.30623042583465576,,
351,,1055,,,0.30125895142555237
351,9.99999993922529e-09,1055,0.30736640095710754,,
352,,1058,,,0.30237627029418945
352,9.99999993922529e-09,1058,0.299305260181427,,
353,,1061,,,0.30306604504585266
353,9.99999993922529e-09,1061,0.2996378540992737,,
354,,1064,,,0.3050895631313324
354,9.99999993922529e-09,1064,0.3079203963279724,,
355,,1067,,,0.29867660999298096
355,9.99999993922529e-09,1067,0.3067356050014496,,
356,,1070,,,0.3006865978240967
356,9.99999993922529e-09,1070,0.30572623014450073,,
357,,1073,,,0.2996934950351715
357,9.99999993922529e-09,1073,0.3030884563922882,,
358,,1076,,,0.3005073368549347
358,9.99999993922529e-09,1076,0.30548879504203796,,
359,,1079,,,0.3034806549549103
359,9.99999993922529e-09,1079,0.30131417512893677,,
360,,1082,,,0.3039746880531311
360,9.99999993922529e-09,1082,0.30289769172668457,,
361,,1085,,,0.30466946959495544
361,9.99999993922529e-09,1085,0.30437907576560974,,
362,,1088,,,0.30386099219322205
362,9.99999993922529e-09,1088,0.3033929169178009,,
363,,1091,,,0.30165526270866394
363,9.99999993922529e-09,1091,0.30323526263237,,
364,,1094,,,0.3039790391921997
364,9.99999993922529e-09,1094,0.3019011318683624,,
365,,1097,,,0.3017496168613434
365,9.99999993922529e-09,1097,0.30511701107025146,,
366,,1099,,0.30627986788749695,
366,,1100,,,0.3043730854988098
366,9.99999993922529e-09,1100,0.2998800575733185,,
367,,1103,,,0.30256086587905884
367,9.99999993922529e-09,1103,0.30729755759239197,,
368,,1106,,,0.3072659969329834
368,9.99999993922529e-09,1106,0.2995409369468689,,
369,,1109,,,0.3071058690547943
369,9.99999993922529e-09,1109,0.3024803400039673,,
370,,1112,,,0.29833197593688965
370,9.99999993922529e-09,1112,0.30677530169487,,
371,,1115,,,0.3038170039653778
371,9.99999993922529e-09,1115,0.307833194732666,,
372,,1118,,,0.3012147843837738
372,9.99999993922529e-09,1118,0.30715638399124146,,
373,,1121,,,0.3067706525325775
373,9.99999993922529e-09,1121,0.30281245708465576,,
374,,1124,,,0.29946169257164
374,9.99999993922529e-09,1124,0.3032451868057251,,
375,,1127,,,0.30495908856391907
375,9.99999993922529e-09,1127,0.3061197102069855,,
376,,1130,,,0.307283878326416
376,9.99999993922529e-09,1130,0.30231335759162903,,
377,,1133,,,0.3065877854824066
377,9.99999993922529e-09,1133,0.30513957142829895,,
378,,1136,,,0.30341836810112
378,9.99999993922529e-09,1136,0.3023345172405243,,
379,,1139,,,0.30390995740890503
379,9.99999993922529e-09,1139,0.29920852184295654,,
380,,1142,,,0.30419060587882996
380,9.99999993922529e-09,1142,0.3064354360103607,,
381,,1145,,,0.3040945529937744
381,9.99999993922529e-09,1145,0.30628159642219543,,
382,,1148,,,0.3052096366882324
382,9.99999993922529e-09,1148,0.29811862111091614,,
383,,1149,,0.30660533905029297,
383,,1151,,,0.30150309205055237
383,9.99999993922529e-09,1151,0.306183397769928,,
384,,1154,,,0.30443522334098816
384,9.99999993922529e-09,1154,0.30390235781669617,,
385,,1157,,,0.30353406071662903
385,9.99999993922529e-09,1157,0.30200672149658203,,
386,,1160,,,0.3007013499736786
386,9.99999993922529e-09,1160,0.30527278780937195,,
387,,1163,,,0.30599769949913025
387,9.99999993922529e-09,1163,0.30473044514656067,,
388,,1166,,,0.3023725152015686
388,9.99999993922529e-09,1166,0.2993209660053253,,
389,,1169,,,0.3054784834384918
389,9.99999993922529e-09,1169,0.3029654622077942,,
390,,1172,,,0.30343717336654663
390,9.99999993922529e-09,1172,0.3038041591644287,,
391,,1175,,,0.30540990829467773
391,9.99999993922529e-09,1175,0.3053332269191742,,
392,,1178,,,0.29679569602012634
392,9.99999993922529e-09,1178,0.3015933036804199,,
393,,1181,,,0.3061489164829254
393,9.99999993922529e-09,1181,0.3063465654850006,,
394,,1184,,,0.3017076253890991
394,9.99999993922529e-09,1184,0.30188843607902527,,
395,,1187,,,0.3022230863571167
395,9.99999993922529e-09,1187,0.3058699071407318,,
396,,1190,,,0.30445173382759094
396,9.99999993922529e-09,1190,0.3041500151157379,,
397,,1193,,,0.30132389068603516
397,9.99999993922529e-09,1193,0.3074011504650116,,
398,,1196,,,0.3023037314414978
398,9.99999993922529e-09,1196,0.30324774980545044,,
399,,1199,,0.2975805699825287,
399,,1199,,,0.3051315248012543
399,9.99999993922529e-09,1199,0.3037479817867279,,
400,,1202,,,0.30593493580818176
400,9.99999993922529e-09,1202,0.3002578318119049,,
401,,1205,,,0.30123022198677063
401,9.99999993922529e-09,1205,0.30340704321861267,,
402,,1208,,,0.3031121492385864
402,9.99999993922529e-09,1208,0.30385762453079224,,
403,,1211,,,0.3039359748363495
403,9.99999993922529e-09,1211,0.3041304051876068,,
404,,1214,,,0.3055097460746765
404,9.99999993922529e-09,1214,0.30446600914001465,,
405,,1217,,,0.30522802472114563
405,9.99999993922529e-09,1217,0.30517101287841797,,
406,,1220,,,0.30226972699165344
406,9.99999993922529e-09,1220,0.30241793394088745,,
407,,1223,,,0.3005499243736267
407,9.99999993922529e-09,1223,0.3041324019432068,,
408,,1226,,,0.3034532368183136
408,9.99999993922529e-09,1226,0.3050272762775421,,
409,,1229,,,0.3022911548614502
409,9.99999993922529e-09,1229,0.3015501797199249,,
410,,1232,,,0.304077684879303
410,9.99999993922529e-09,1232,0.3009544610977173,,
411,,1235,,,0.3026934266090393
411,9.99999993922529e-09,1235,0.30173546075820923,,
412,,1238,,,0.3011927306652069
412,9.99999993922529e-09,1238,0.30326932668685913,,
413,,1241,,,0.29912877082824707
413,9.99999993922529e-09,1241,0.3025928735733032,,
414,,1244,,,0.3047872483730316
414,9.99999993922529e-09,1244,0.3039666712284088,,
415,,1247,,,0.3021707534790039
415,9.99999993922529e-09,1247,0.30257654190063477,,
416,,1249,,0.3058139383792877,
416,,1250,,,0.3024892508983612
416,9.99999993922529e-09,1250,0.3016970753669739,,
417,,1253,,,0.3063258230686188
417,9.99999993922529e-09,1253,0.30106011033058167,,
418,,1256,,,0.30523499846458435
418,9.99999993922529e-09,1256,0.30399876832962036,,
419,,1259,,,0.30432644486427307
419,9.99999993922529e-09,1259,0.3086296617984772,,
420,,1262,,,0.3027186989784241
420,9.99999993922529e-09,1262,0.3043629825115204,,
421,,1265,,,0.3042285144329071
421,9.99999993922529e-09,1265,0.30387187004089355,,
422,,1268,,,0.30200111865997314
422,9.99999993922529e-09,1268,0.30660921335220337,,
423,,1271,,,0.30516669154167175
423,9.99999993922529e-09,1271,0.3078448474407196,,
424,,1274,,,0.30247819423675537
424,9.99999993922529e-09,1274,0.3041714131832123,,
425,,1277,,,0.30544376373291016
425,9.99999993922529e-09,1277,0.30177441239356995,,
426,,1280,,,0.3028468191623688
426,9.99999993922529e-09,1280,0.3044814467430115,,
427,,1283,,,0.3063375651836395
427,9.99999993922529e-09,1283,0.3029811382293701,,
428,,1286,,,0.3016854524612427
428,9.99999993922529e-09,1286,0.2971342206001282,,
429,,1289,,,0.3036430776119232
429,9.99999993922529e-09,1289,0.3020372688770294,,
430,,1292,,,0.2999873757362366
430,9.99999993922529e-09,1292,0.3040389120578766,,
431,,1295,,,0.3006214499473572
431,9.99999993922529e-09,1295,0.3033442199230194,,
432,,1298,,,0.3045923113822937
432,9.99999993922529e-09,1298,0.29908597469329834,,
433,,1299,,0.3060011565685272,
433,,1301,,,0.3023534119129181
433,9.99999993922529e-09,1301,0.3040023446083069,,
434,,1304,,,0.30380749702453613
434,9.99999993922529e-09,1304,0.30049148201942444,,
435,,1307,,,0.3046264052391052
435,9.99999993922529e-09,1307,0.30196812748908997,,
436,,1310,,,0.3023850917816162
436,9.99999993922529e-09,1310,0.3041306436061859,,
437,,1313,,,0.30245441198349
437,9.99999993922529e-09,1313,0.3036852180957794,,
438,,1316,,,0.3061904013156891
438,9.99999993922529e-09,1316,0.3036678731441498,,
439,,1319,,,0.3058755695819855
439,9.99999993922529e-09,1319,0.306640088558197,,
440,,1322,,,0.30418306589126587
440,9.99999993922529e-09,1322,0.3069736659526825,,
441,,1325,,,0.3032571077346802
441,9.99999993922529e-09,1325,0.302329421043396,,
442,,1328,,,0.3038935959339142
442,9.99999993922529e-09,1328,0.32827532291412354,,
443,,1331,,,0.29975712299346924
443,9.99999993922529e-09,1331,0.301914781332016,,
444,,1334,,,0.299251914024353
444,9.99999993922529e-09,1334,0.3026043474674225,,
445,,1337,,,0.3032364845275879
445,9.99999993922529e-09,1337,0.3019893765449524,,
446,,1340,,,0.30439069867134094
446,9.99999993922529e-09,1340,0.3036039471626282,,
447,,1343,,,0.3041152358055115
447,9.99999993922529e-09,1343,0.30695223808288574,,
448,,1346,,,0.30511781573295593
448,9.99999993922529e-09,1346,0.30150866508483887,,
449,,1349,,0.3012445569038391,
449,,1349,,,0.304729700088501
449,9.99999993922529e-09,1349,0.30438506603240967,,
450,,1352,,,0.3025835156440735
450,9.99999993922529e-09,1352,0.3013913929462433,,
451,,1355,,,0.31869813799858093
451,9.99999993922529e-09,1355,0.3043598234653473,,
452,,1358,,,0.30683642625808716
452,9.99999993922529e-09,1358,0.30527380108833313,,
453,,1361,,,0.30497878789901733
453,9.99999993922529e-09,1361,0.3077496588230133,,
454,,1364,,,0.30068033933639526
454,9.99999993922529e-09,1364,0.3058268427848816,,
455,,1367,,,0.29997575283050537
455,9.99999993922529e-09,1367,0.3052132725715637,,
456,,1370,,,0.3025582730770111
456,9.99999993922529e-09,1370,0.30489858984947205,,
457,,1373,,,0.29997697472572327
457,9.99999993922529e-09,1373,0.300576776266098,,
458,,1376,,,0.30575716495513916
458,9.99999993922529e-09,1376,0.3058066666126251,,
459,,1379,,,0.299660861492157
459,9.99999993922529e-09,1379,0.30221468210220337,,
460,,1382,,,0.3026238977909088
460,9.99999993922529e-09,1382,0.30234354734420776,,
461,,1385,,,0.2985914647579193
461,9.99999993922529e-09,1385,0.2997252941131592,,
462,,1388,,,0.2988799512386322
462,9.99999993922529e-09,1388,0.3008172810077667,,
463,,1391,,,0.3039717972278595
463,9.99999993922529e-09,1391,0.3064582943916321,,
464,,1394,,,0.30441614985466003
464,9.99999993922529e-09,1394,0.30151084065437317,,
465,,1397,,,0.3015179932117462
465,9.99999993922529e-09,1397,0.3006137013435364,,
466,,1399,,0.3048633337020874,
466,,1400,,,0.3035781979560852
466,9.99999993922529e-09,1400,0.30198901891708374,,
467,,1403,,,0.3024255335330963
467,9.99999993922529e-09,1403,0.3088095486164093,,
468,,1406,,,0.3039368987083435
468,9.99999993922529e-09,1406,0.30879417061805725,,
469,,1409,,,0.3029375374317169
469,9.99999993922529e-09,1409,0.30366307497024536,,
470,,1412,,,0.3015482723712921
470,9.99999993922529e-09,1412,0.30379006266593933,,
471,,1415,,,0.30207011103630066
471,9.99999993922529e-09,1415,0.3056916892528534,,
472,,1418,,,0.3029983937740326
472,9.99999993922529e-09,1418,0.3032951354980469,,
473,,1421,,,0.3024604916572571
473,9.99999993922529e-09,1421,0.3037619888782501,,
474,,1424,,,0.3022138476371765
474,9.99999993922529e-09,1424,0.3019351065158844,,
475,,1427,,,0.30538880825042725
475,9.99999993922529e-09,1427,0.3036308288574219,,
476,,1430,,,0.30664995312690735
476,9.99999993922529e-09,1430,0.3062949478626251,,
477,,1433,,,0.29718220233917236
477,9.99999993922529e-09,1433,0.30197203159332275,,
478,,1436,,,0.30634769797325134
478,9.99999993922529e-09,1436,0.3030838966369629,,
479,,1439,,,0.3038536608219147
479,9.99999993922529e-09,1439,0.3032301962375641,,
480,,1442,,,0.3016063868999481
480,9.99999993922529e-09,1442,0.30283138155937195,,
481,,1445,,,0.2990703582763672
481,9.99999993922529e-09,1445,0.3045240044593811,,
482,,1448,,,0.30075329542160034
482,9.99999993922529e-09,1448,0.3035610318183899,,
483,,1449,,0.2960565686225891,
483,,1451,,,0.3009948134422302
483,9.99999993922529e-09,1451,0.3025873601436615,,
484,,1454,,,0.3047812283039093
484,9.99999993922529e-09,1454,0.3018680810928345,,
485,,1457,,,0.3035677373409271
485,9.99999993922529e-09,1457,0.3090604245662689,,
486,,1460,,,0.31380391120910645
486,9.99999993922529e-09,1460,0.3065456748008728,,
487,,1463,,,0.3034262955188751
487,9.99999993922529e-09,1463,0.3006501793861389,,
488,,1466,,,0.3057704269886017
488,9.99999993922529e-09,1466,0.3043072521686554,,
489,,1469,,,0.2994109094142914
489,9.99999993922529e-09,1469,0.30461668968200684,,
490,,1472,,,0.3009900152683258
490,9.99999993922529e-09,1472,0.30686455965042114,,
491,,1475,,,0.30417540669441223
491,9.99999993922529e-09,1475,0.30341023206710815,,
492,,1478,,,0.3030256927013397
492,9.99999993922529e-09,1478,0.301411509513855,,
493,,1481,,,0.3006928861141205
493,9.99999993922529e-09,1481,0.3142997622489929,,
494,,1484,,,0.3048550486564636
494,9.99999993922529e-09,1484,0.29949119687080383,,
495,,1487,,,0.3025182783603668
495,9.99999993922529e-09,1487,0.3058617413043976,,
496,,1490,,,0.30764633417129517
496,9.99999993922529e-09,1490,0.30198878049850464,,
497,,1493,,,0.30440711975097656
497,9.99999993922529e-09,1493,0.29893264174461365,,
498,,1496,,,0.306184858083725
498,9.99999993922529e-09,1496,0.30212563276290894,,
499,,1499,,0.31068816781044006,
499,,1499,,,0.3045322895050049
499,9.99999993922529e-09,1499,0.3100906312465668,,
